kind,ticker,entryDate,exitDate,year,entryTime,depot,isOpen,source,trigger,pnlPct,prev_trade_pnl,days_since_prev_exit,hist_years,dist_ath_pct,at_ath,near_ath5,days_since_ath,dist_52w_pct,pos_52w_range,ext_sma20_pct,ext_sma50_pct,ext_sma200_pct,sma50_gt_sma200,sma50_slope20_pct,sma200_slope20_pct,ret5_pct,ret20_pct,ret63_pct,ret126_pct,gap_entry_pct,atr14_pct,stop_dist_pct,weekly_trend,weekly_last_sh_vs_prev_pct,stop_dist_atr,corr63_depth,corr63_recovery,corr63_days_since_peak,corr126_depth,corr126_recovery,corr126_days_since_peak,qqq_above_sma200,qqq_above_sma50,qqq_dist_ath_pct,qqq_ret20_pct,qqq_ret63_pct,rs63_vs_qqq_pct,r_multiple,hold_days,mfe_pct,mae_pct,exit_reason,new_ath_in_trade,signals_10d
live,ARM,2026-04-14,2026-07-15,2026,,1,0,QQQ,4h,74.6,nan,nan,2.6,-14.69,0,0,441,-12.08,0.748,12.7,24.28,16.2,0,10.62,0.31,5.92,36.14,40.96,-7.66,2.19,7.11,18.23,bearish,-4.44,2.56,-18.41,0.816,12,-45.39,0.734,114,1,1,-2.9,4.12,-1.35,42.89,4.84,63,181.13,-2.99,struktur,1,0
live,GFS,2026-04-16,2026-07-16,2026,,1,0,QQQ,4h,21.2,nan,nan,4.5,-38.48,0,0,1016,-4.45,0.888,7.55,7.04,25.63,1,2.78,1.99,1.07,11.7,18.2,40.44,0.83,4.46,2.27,bullish,4.9,0.51,-20.48,0.783,42,-20.48,0.783,42,1,1,-0.07,5.78,1.91,15.99,9.57,62,90.0,-0.43,struktur,1,2
live,NVDA,2026-04-16,2026-05-01,2026,,1,0,QQQ,weekly,2,nan,nan,21.3,-6.95,0,0,114,-6.95,0.874,10.06,8.25,8.89,1,-1.55,1.96,9.22,9.31,7.03,5.61,-0.72,2.68,14.84,bearish,-4.42,5.54,-2.33,0.363,0,-22.58,0.692,114,1,1,-0.07,5.78,1.91,5.03,0.15,11,9.83,-0.82,zeitstopp,1,2
live,AMD,2026-04-17,2026-07-29,2026,,1,0,QQQ,4h,61.1,nan,nan,21.3,0.59,1,1,0,0.59,1.008,25.97,33.45,39.29,1,-1.97,5.02,17.59,39.51,24.45,27.59,0.98,3.77,31.78,bullish,5.79,8.43,-6.38,1.093,0,-6.38,1.093,0,1,1,-0.27,7.8,3.51,20.23,2.53,70,108.09,-3.2,struktur,1,6
live,GOOGL,2026-04-17,2026-06-01,2026,,1,0,QQQ,4h,11.4,nan,nan,21.3,-3.18,0,1,50,-3.18,0.945,10.94,9.77,24.41,1,-3.38,5.12,5.5,9.21,0.13,37.08,0.49,2.6,8.11,bearish,-2.14,3.12,-21.98,0.855,50,-21.98,0.855,50,1,1,-0.27,7.8,3.51,-3.27,1.53,30,20.94,-1.87,struktur,1,6
live,MCHP,2026-04-17,2026-07-06,2026,,1,0,QQQ,4h,10.4,nan,nan,21.3,-17.71,0,0,473,-4.92,0.914,16.63,11.91,18.37,1,-4.06,0.19,7.93,18.79,3.54,20.77,2.48,3.65,9.16,bearish,-17.81,2.51,-28.42,0.827,43,-28.42,0.827,43,1,1,-0.27,7.8,3.51,0.03,1.24,53,34.44,-1.29,struktur,1,6
live,ON,2026-04-17,2026-06-29,2026,,1,0,QQQ,weekly,12.3,nan,nan,21.3,-27.85,0,0,680,-0.2,0.997,24.24,24.0,43.05,1,2.12,2.36,16.7,32.2,31.94,61.34,0.51,4.04,31.08,bearish,-12.76,7.69,-8.1,0.975,0,-8.1,0.975,0,1,1,-0.27,7.8,3.51,27.47,0.52,49,67.94,-0.7,struktur,1,6
live,ADI,2026-04-20,2026-06-29,2026,,1,0,QQQ,4h,4.1,nan,nan,21.3,0.15,1,1,0,0.15,1.003,12.68,12.64,36.94,1,3.36,3.95,6.09,19.65,23.34,57.01,0.42,2.84,10.39,bearish,-9.36,3.66,-3.93,1.039,0,-3.93,1.039,0,1,1,-0.18,9.55,4.49,18.05,0.43,48,19.54,-0.89,struktur,1,9
live,MRVL,2026-04-20,2026-07-14,2026,,1,0,QQQ,4h,57,nan,nan,21.3,5.43,1,1,0,5.43,1.083,33.13,56.92,75.52,1,14.51,4.95,8.72,56.1,73.87,57.34,5.6,5.13,16.02,bullish,13.45,3.12,-4.82,2.126,0,-4.82,2.126,0,1,1,-0.18,9.55,4.49,66.41,4.13,58,123.63,-2.43,struktur,1,9
live,ROST,2026-04-20,2026-05-05,2026,,1,0,QQQ,daily,-0.3,nan,nan,21.3,-0.31,0,1,0,-0.31,0.993,4.26,9.02,32.6,1,5.96,5.29,3.01,8.15,17.81,45.76,0.08,2.19,4.52,bullish,11.22,2.06,-2.5,0.876,0,-2.5,0.876,0,1,1,-0.18,9.55,4.49,12.75,-0.07,11,1.07,-1.83,zeitstopp,1,9
live,ODFL,2026-04-21,2026-05-05,2026,,1,0,QQQ,daily,-13.5,nan,nan,21.3,-3.06,0,1,358,0.0,1.0,11.26,13.73,37.24,1,4.89,2.54,7.59,21.45,27.35,62.3,0.25,3.19,10.94,bullish,6.32,3.43,-3.68,1.001,0,-3.68,1.001,0,1,1,-0.49,11.26,4.24,22.17,-1.37,10,4.4,-15.16,stopp,1,10
live,AMAT,2026-04-23,2026-04-29,2026,,1,0,QQQ,4h,-5.5,nan,nan,21.3,-0.27,0,1,8,-0.27,0.996,8.83,11.91,55.11,1,6.28,8.1,2.34,7.89,24.21,77.43,0.67,3.15,5.09,bullish,7.18,1.62,-6.78,0.959,8,-6.78,0.959,8,1,1,-0.03,12.18,6.43,16.7,-1.13,4,3.53,-7.16,stopp,1,15
live,AVGO,2026-04-23,2026-05-08,2026,,1,0,QQQ,4h,-0.6,nan,nan,16.7,-0.19,0,1,0,-0.19,0.997,19.45,25.05,26.42,1,2.66,2.97,6.54,32.79,28.81,21.51,-0.06,3.02,8.13,bullish,0.23,2.69,-4.33,0.956,0,-4.33,0.956,0,1,1,-0.03,12.18,6.43,21.03,-0.08,11,3.62,-6.57,zeitstopp,1,15
live,LRCX,2026-04-23,2026-04-29,2026,,1,0,QQQ,4h,-4.5,nan,nan,21.3,-3.09,0,1,6,-3.09,0.96,9.41,13.33,57.35,1,3.03,9.71,0.15,11.18,16.41,84.87,-0.19,3.84,4.29,bullish,13.31,1.12,-6.59,0.531,6,-6.59,0.531,6,1,1,-0.03,12.18,6.43,9.37,-1.09,4,4.07,-8.85,stopp,1,15
live,MRNA,2026-04-23,2026-04-27,2026,,1,0,QQQ,daily,-9,nan,nan,7.4,-88.82,0,0,1179,-6.6,0.895,7.09,8.78,58.15,1,7.08,7.49,2.47,8.3,11.62,104.11,0.04,4.58,8.72,bullish,7.88,1.9,-20.84,0.683,34,-20.84,0.683,34,1,1,-0.03,12.18,6.43,4.88,-1.12,2,0.86,-13.25,stopp,0,15
live,SNDK,2026-04-23,2026-07-06,2026,,1,0,QQQ,4h,92.8,nan,nan,1.2,-3.31,0,1,0,-3.31,0.966,19.74,35.46,198.43,1,19.14,30.75,9.8,39.37,95.31,561.36,-3.12,6.23,8.14,bullish,12.44,1.31,-8.7,0.619,0,-8.7,0.619,0,1,1,-0.03,12.18,6.43,83.5,12.33,49,148.21,-2.36,struktur,1,15
live,AMZN,2026-04-27,2026-05-12,2026,,1,0,QQQ,4h,1.2,nan,nan,21.3,-0.39,0,1,0,-0.39,0.988,13.1,20.5,16.37,0,0.32,0.73,5.36,27.2,10.38,21.12,-0.2,2.75,8.46,bearish,-11.02,3.08,-2.57,0.847,0,-2.57,0.847,0,1,1,-0.09,15.7,6.74,3.41,0.16,11,5.73,-2.77,zeitstopp,1,10
live,KLAC,2026-04-27,2026-05-12,2026,,1,0,QQQ,4h,-5.6,nan,nan,21.3,-1.53,0,1,0,-1.53,0.977,13.83,22.64,54.42,1,5.31,6.84,8.02,33.35,28.08,74.18,-1.31,3.29,14.79,bullish,0.32,4.5,-4.88,0.686,0,-4.88,0.686,0,1,1,-0.09,15.7,6.74,19.99,-0.44,11,0.89,-13.81,zeitstopp,0,10
live,STX,2026-05-05,2026-05-20,2026,,1,0,SPX,4h,0.3,nan,nan,21.3,0.8,1,1,0,0.8,1.009,32.16,61.87,145.12,1,15.85,16.2,23.95,62.93,70.88,176.43,2.23,5.11,37.86,bearish,-4.37,7.41,-2.65,1.303,0,-2.65,1.303,0,1,1,-0.57,14.34,7.6,58.81,0.01,11,11.43,-7.93,zeitstopp,1,2
live,CAT,2026-05-06,2026-05-20,2026,,1,0,SPX,4h,-4.6,nan,nan,3.6,0.51,1,1,0,0.51,1.008,11.74,21.07,53.9,1,5.78,7.77,10.6,25.11,28.94,57.37,0.98,2.97,6.11,bearish,-1.55,2.06,-2.29,1.221,0,-2.29,1.221,0,1,1,-0.17,15.8,10.7,16.48,-0.8,10,1.95,-7.44,zeitstopp,1,10
live,CMI,2026-05-06,2026-05-21,2026,,1,0,SPX,4h,-4.3,nan,nan,3.6,0.31,1,1,0,0.31,1.005,8.64,17.93,39.58,1,3.58,6.64,5.05,21.21,12.35,55.38,2.46,2.91,6.84,bearish,-7.06,2.35,-4.86,1.064,0,-4.86,1.064,0,1,1,-0.17,15.8,10.7,1.5,-0.67,11,3.84,-9.12,zeitstopp,1,10
live,HPE,2026-05-06,2026-07-06,2026,,1,0,SPX,daily,38.6,nan,nan,3.6,-0.03,0,1,0,-0.03,0.999,11.0,24.24,31.03,1,9.13,3.36,7.48,21.97,38.82,24.54,0.33,3.47,11.34,bullish,12.15,3.27,-3.98,0.992,0,-3.98,0.992,0,1,1,-0.17,15.8,10.7,25.4,3.79,40,112.54,-2.75,struktur,1,10
live,NUE,2026-05-06,2026-05-21,2026,,1,0,SPX,4h,-3.8,nan,nan,3.6,0.42,1,1,0,0.42,1.008,13.59,27.78,46.06,1,5.37,4.74,3.09,33.94,24.86,55.72,1.14,2.76,6.42,bullish,17.55,2.33,-2.63,1.159,0,-2.63,1.159,0,1,1,-0.17,15.8,10.7,12.79,-0.63,11,0.31,-6.49,zeitstopp,1,10
live,STLD,2026-05-06,2026-05-21,2026,,1,0,SPX,4h,-5.2,nan,nan,3.6,0.71,1,1,0,0.71,1.014,12.9,24.66,46.79,1,4.86,5.33,4.63,34.01,23.45,52.35,1.25,3.12,9.34,bearish,-3.22,2.99,-3.24,1.22,0,-3.24,1.22,0,1,1,-0.17,15.8,10.7,11.52,-0.6,11,1.37,-8.9,zeitstopp,1,10
live,VRT,2026-05-06,2026-05-21,2026,,1,0,SPX,4h,-8.3,nan,nan,3.6,3.06,1,1,0,3.06,1.042,13.11,25.8,81.23,1,16.66,10.62,11.8,30.01,79.39,76.93,3.09,4.44,10.47,bullish,1.93,2.36,-3.08,1.992,0,-3.08,1.992,0,1,1,-0.17,15.8,10.7,62.05,-0.88,11,8.07,-10.63,zeitstopp,1,10
live,VTRS,2026-05-06,2026-05-21,2026,,1,0,SPX,4h,4.1,nan,nan,3.6,-3.55,0,1,48,-3.55,0.931,8.73,11.09,33.3,1,-0.38,5.04,4.72,17.93,14.45,52.91,1.48,2.95,7.66,bearish,-6.8,2.6,-21.19,0.832,48,-21.19,0.832,48,1,1,-0.17,15.8,10.7,3.39,0.58,11,11.3,-1.46,zeitstopp,1,10
live,WDC,2026-05-06,2026-05-21,2026,,1,0,SPX,4h,-2.8,nan,nan,21.3,-1.69,0,1,0,-1.69,0.981,21.52,45.73,142.33,1,16.36,19.95,19.0,49.14,60.38,210.13,1.45,5.52,18.01,bullish,3.19,3.26,-5.19,0.675,0,-5.19,0.675,0,1,1,-0.17,15.8,10.7,44.88,-0.18,11,11.26,-8.07,zeitstopp,1,10
live,AMAT,2026-05-07,2026-05-22,2026,,1,0,QQQ,daily,1.9,-5.5,8,21.3,-1.49,0,1,0,-1.49,0.977,7.08,14.76,56.65,1,6.65,8.34,12.03,11.12,44.2,80.89,-0.53,3.54,11.67,bullish,3.24,3.3,-3.48,0.572,0,-3.48,0.572,0,1,1,-0.02,14.8,15.01,25.39,0.18,11,5.18,-6.91,zeitstopp,1,12
live,ASML,2026-05-07,2026-05-22,2026,,1,0,QQQ,daily,4.6,nan,nan,21.3,0.21,1,1,0,0.21,1.004,6.94,10.83,37.88,1,0.66,6.31,10.81,8.94,15.76,45.31,0.26,3.6,14.46,bullish,8.4,4.02,-3.2,1.065,0,-3.2,1.065,0,1,1,-0.02,14.8,15.01,0.65,0.36,11,6.77,-6.94,zeitstopp,1,12
live,KEYS,2026-05-07,2026-05-22,2026,,1,0,SPX,4h,-6.5,nan,nan,3.6,-0.04,0,1,0,-0.04,0.999,7.99,18.23,67.35,1,15.78,8.73,9.31,15.19,65.47,96.95,-0.02,2.57,14.2,bearish,-4.74,5.53,-2.39,0.983,0,-2.39,0.983,0,1,1,-0.02,14.8,15.01,43.88,-0.52,11,0.97,-10.95,zeitstopp,1,12
live,LRCX,2026-05-07,2026-05-22,2026,,1,0,QQQ,daily,2.9,-4.5,8,21.3,-0.28,0,1,0,-0.28,0.996,12.62,24.23,68.2,1,5.25,10.34,19.47,20.56,41.83,84.83,-0.05,4.34,24.19,bullish,14.28,5.57,-4.04,0.93,0,-4.04,0.93,0,1,1,-0.02,14.8,15.01,23.32,0.15,11,4.29,-11.28,zeitstopp,1,12
live,AKAM,2026-05-11,2026-05-27,2026,,1,0,SPX,weekly,-0.3,nan,nan,21.3,-0.51,0,1,0,-0.51,0.99,44.71,40.24,66.6,1,1.44,2.74,42.21,61.7,55.35,102.4,0.87,4.78,34.76,bearish,-2.44,7.27,-11.29,0.955,0,-11.29,0.955,0,1,1,0.0,16.39,16.81,33.0,-0.01,11,11.04,-7.32,zeitstopp,1,13
live,ALB,2026-05-12,2026-05-15,2026,,1,0,SPX,weekly,-10.1,nan,nan,3.6,-35.37,0,0,874,-6.81,0.91,5.19,13.92,54.75,1,5.77,10.37,10.12,13.24,27.0,131.37,-1.93,5.72,7.06,bullish,2.45,1.23,-12.08,0.436,2,-12.08,0.436,2,1,1,-0.18,15.53,16.26,9.24,-1.54,3,1.46,-12.8,stopp,0,15
live,PWR,2026-05-12,2026-05-19,2026,,1,0,SPX,4h,-8,nan,nan,3.6,-2.71,0,1,3,-2.71,0.954,14.39,26.4,60.28,1,10.88,6.3,3.17,31.14,51.88,76.5,-1.79,3.79,4.41,bullish,35.15,1.16,-5.88,0.539,3,-5.88,0.539,3,1,1,-0.18,15.53,16.26,30.64,-1.88,5,1.99,-9.98,stopp,0,15
live,HUM,2026-05-13,2026-05-29,2026,,1,0,SPX,weekly,3.6,nan,nan,3.6,-45.69,0,0,881,-4.26,0.911,28.0,49.36,24.43,0,10.67,0.09,23.3,50.53,63.74,18.18,1.01,4.31,25.75,bullish,4.22,5.97,-8.57,1.035,0,-8.57,1.035,0,1,1,-1.03,12.51,15.81,41.39,0.18,11,5.81,-2.1,zeitstopp,0,16
live,MTZ,2026-05-14,2026-05-19,2026,,1,0,SPX,4h,-11.3,nan,nan,3.6,-3.34,0,1,5,-3.34,0.95,7.5,21.57,71.38,1,16.54,9.82,-2.19,16.08,59.93,110.82,0.69,4.2,7.06,bullish,42.23,1.68,-8.8,0.621,5,-8.8,0.621,5,1,1,-0.27,12.13,16.72,37.02,-1.71,3,2.16,-13.51,stopp,0,17
live,CRWD,2026-05-22,2026-06-09,2026,,1,0,QQQ,4h,1.3,nan,nan,6.9,-1.38,0,1,0,-1.38,0.971,23.69,41.91,40.15,0,11.98,1.23,11.77,45.54,66.81,26.2,0.35,4.09,43.63,bullish,4.02,10.67,-2.66,0.482,0,-2.66,0.482,0,1,1,-1.04,9.69,17.51,41.96,0.04,11,20.78,-5.04,zeitstopp,1,8
live,DDOG,2026-05-22,2026-06-09,2026,,1,0,QQQ,weekly,4.3,nan,nan,6.7,0.27,1,1,1,0.27,1.005,26.33,54.45,56.17,1,18.65,2.33,7.49,70.53,88.52,23.56,1.33,5.64,58.61,bullish,0.12,10.39,-4.9,1.056,1,-4.9,1.056,1,1,1,-1.04,9.69,17.51,60.43,0.12,11,26.14,-1.19,zeitstopp,1,8
live,FTNT,2026-05-22,2026-07-29,2026,,1,0,QQQ,weekly,14.1,nan,nan,16.5,-0.28,0,1,1,-0.28,0.994,23.29,42.46,54.93,1,11.7,0.3,6.24,56.43,61.83,61.52,0.42,4.31,16.51,bullish,1.74,3.83,-3.86,0.928,1,-3.86,0.928,1,1,1,-1.04,9.69,17.51,37.71,0.99,45,31.04,-2.61,struktur,1,8
live,MU,2026-05-22,2026-07-06,2026,,1,0,QQQ,weekly,33.1,nan,nan,21.4,-7.55,0,0,8,-7.55,0.915,15.36,47.8,137.1,1,23.99,20.47,-1.79,58.2,78.06,233.8,-0.69,8.0,17.21,bullish,73.76,2.15,-20.33,0.628,8,-20.33,0.628,8,1,1,-1.04,9.69,17.51,51.53,2.25,28,65.83,-1.27,struktur,1,8
live,PANW,2026-05-22,2026-10-09,2026,,1,1,QQQ,4h,66.8,nan,nan,13.8,-0.78,0,1,0,-0.78,0.983,20.55,37.88,34.19,0,12.87,0.93,6.18,46.02,70.09,25.83,-0.71,4.47,7.82,bullish,4.21,1.75,-4.78,0.836,0,-4.78,0.836,0,1,1,-1.04,9.69,17.51,44.74,9.21,96,72.16,-3.22,offen,1,8
live,QCOM,2026-05-22,2026-06-09,2026,,1,0,QQQ,weekly,1.3,nan,nan,21.4,-13.82,0,0,8,-13.82,0.728,12.28,38.4,34.46,0,15.08,2.41,6.27,58.73,49.76,30.31,0.48,8.82,13.38,bullish,69.79,1.52,-23.23,0.405,8,-23.23,0.405,8,1,1,-1.04,9.69,17.51,27.45,0.11,11,21.21,-9.82,zeitstopp,1,8
live,SIRI,2026-05-22,2026-06-09,2026,,1,0,QQQ,daily,-1.5,nan,nan,21.4,-59.39,0,0,712,-0.55,0.984,9.27,16.86,30.52,1,8.68,1.91,10.56,3.54,37.65,40.39,0.31,2.88,14.44,bullish,25.8,5.01,-6.57,0.917,0,-6.57,0.917,0,1,1,-1.04,9.69,17.51,17.14,-0.12,11,3.54,-9.01,zeitstopp,0,8
live,ASML,2026-05-26,2026-07-28,2026,,1,0,QQQ,daily,-3.8,4.6,4,21.4,-0.71,0,1,0,-0.71,0.988,9.38,14.48,39.86,1,2.43,7.04,8.73,12.26,10.13,57.66,0.55,4.42,15.06,bullish,8.4,3.41,-2.28,0.69,0,-2.28,0.69,0,1,1,-0.63,8.08,19.46,-7.81,-0.29,43,21.81,-5.38,struktur,1,20
live,CSCO,2026-05-26,2026-06-10,2026,,1,0,QQQ,4h,-0.7,nan,nan,21.4,-0.21,0,1,0,-0.21,0.996,18.4,34.27,55.98,1,11.97,4.72,1.86,35.28,55.73,55.27,0.11,3.6,7.21,bullish,2.39,2.0,-2.57,0.92,0,-2.57,0.92,0,1,1,-0.63,8.08,19.46,30.36,-0.1,11,8.15,-3.13,zeitstopp,1,20
live,F,2026-05-26,2026-06-10,2026,,1,0,SPX,weekly,0.4,nan,nan,3.6,-1.14,0,1,0,-1.14,0.969,16.63,20.42,17.97,0,-2.08,1.45,11.42,20.6,9.46,17.01,-1.0,4.89,17.39,bearish,-11.89,3.56,-7.89,0.856,0,-7.89,0.856,0,1,1,-0.63,8.08,19.46,-8.37,0.03,11,20.3,-3.72,zeitstopp,1,20
live,GLW,2026-05-26,2026-06-10,2026,,1,0,SPX,weekly,-12.6,nan,nan,3.6,-6.23,0,0,7,-6.23,0.92,10.33,22.32,81.11,1,11.13,12.69,1.01,10.15,33.64,137.61,2.5,7.77,18.33,bullish,18.27,2.36,-19.95,0.688,7,-19.95,0.688,7,1,1,-0.63,8.08,19.46,11.87,-0.81,11,5.02,-16.41,zeitstopp,0,20
live,KEYS,2026-05-26,2026-06-10,2026,,1,0,SPX,weekly,-5.6,-6.5,4,3.6,-5.39,0,0,9,-5.39,0.908,-0.09,8.05,52.03,1,10.35,8.82,-0.7,-0.12,41.45,98.48,1.05,3.78,8.35,bullish,22.58,2.21,-11.8,0.543,9,-11.8,0.543,9,1,1,-0.63,8.08,19.46,18.41,-0.73,11,2.53,-10.05,zeitstopp,0,20
live,LSTR,2026-05-26,2026-07-07,2026,,1,0,SPX,weekly,5,nan,nan,3.6,-1.07,0,1,709,-0.83,0.979,7.13,13.97,33.7,1,7.5,3.39,10.21,8.37,32.87,59.82,0.1,3.38,21.01,bullish,17.9,6.22,-17.22,0.952,17,-17.22,0.952,17,1,1,-0.63,8.08,19.46,11.23,0.29,28,17.64,0.0,struktur,1,20
live,NTAP,2026-05-26,2026-10-09,2026,,1,1,SPX,weekly,71.2,nan,nan,21.4,-2.29,0,1,0,-2.29,0.934,18.8,28.22,26.92,0,6.74,1.22,16.2,28.19,39.33,32.45,-0.61,3.71,18.98,bullish,6.48,5.12,-13.44,0.83,0,-13.44,0.83,0,1,1,-0.63,8.08,19.46,16.63,4.46,95,71.89,-1.22,offen,1,20
live,NXPI,2026-05-26,2026-06-10,2026,,1,0,QQQ,daily,-9,nan,nan,15.8,1.1,1,1,0,1.1,1.026,10.19,34.25,42.51,1,13.02,3.31,8.57,29.68,37.61,68.12,1.21,3.87,13.25,bearish,-20.8,3.42,-5.11,1.215,0,-5.11,1.215,0,1,1,-0.63,8.08,19.46,15.2,-0.77,11,6.14,-12.78,zeitstopp,1,20
live,QRVO,2026-05-26,2026-06-10,2026,,1,0,SPX,weekly,-9,nan,nan,3.6,-18.12,0,0,465,0.75,1.024,15.87,26.2,24.32,0,5.6,0.7,15.37,21.22,29.07,30.41,0.78,4.0,22.28,bullish,17.9,5.57,-7.7,1.098,0,-7.7,1.098,0,1,1,-0.63,8.08,19.46,8.04,-0.49,11,2.08,-12.45,zeitstopp,0,20
live,SM,2026-05-26,2026-05-27,2026,,1,0,SPX,weekly,-6.5,nan,nan,3.8,-34.64,0,0,534,-8.17,0.842,4.52,9.17,37.44,1,11.67,2.09,2.92,16.54,48.67,79.55,-2.44,4.57,1.52,bullish,38.2,0.33,-8.62,0.052,2,-8.62,0.052,2,1,1,-0.63,8.08,19.46,24.45,-4.35,1,1.13,-7.24,stopp,0,20
live,STLD,2026-05-26,2026-06-30,2026,,1,0,SPX,weekly,-2.5,-5.2,5,3.6,-0.84,0,1,12,-0.84,0.984,4.32,18.16,41.54,1,8.87,6.47,4.66,5.84,22.83,55.33,0.69,2.91,11.46,bullish,21.17,3.94,-10.13,0.917,12,-10.13,0.917,12,1,1,-0.63,8.08,19.46,2.82,-0.25,24,19.47,-5.26,struktur,1,20
live,SWKS,2026-05-26,2026-06-10,2026,,1,0,SPX,weekly,-12.3,nan,nan,21.4,-53.03,0,0,1272,-6.88,0.834,20.6,34.97,26.59,0,7.22,-0.14,19.23,28.37,38.33,32.11,1.21,5.3,27.23,bullish,26.41,5.14,-10.75,1.108,0,-10.75,1.108,0,1,1,-0.63,8.08,19.46,15.79,-0.57,11,3.0,-16.12,zeitstopp,0,20
live,TXN,2026-05-26,2026-06-08,2026,,1,0,QQQ,4h,-7.8,nan,nan,21.4,0.91,1,1,0,0.91,1.017,9.53,31.58,59.59,1,15.44,4.99,2.14,11.57,40.64,98.12,2.98,3.45,9.11,bullish,44.66,2.64,-3.98,1.228,0,-3.98,1.228,0,1,1,-0.63,8.08,19.46,17.73,-0.93,9,4.11,-10.76,stopp,1,20
live,WDC,2026-05-26,2026-06-10,2026,,1,0,SPX,weekly,-0.4,-2.8,5,21.4,-3.89,0,1,9,-3.89,0.957,9.49,33.04,128.05,1,24.69,21.46,0.44,19.84,72.73,214.85,4.24,6.33,17.5,bullish,64.3,2.76,-17.38,0.776,9,-17.38,0.776,9,1,1,-0.63,8.08,19.46,44.59,-0.03,11,19.35,-4.72,zeitstopp,1,20
live,AMAT,2026-05-27,2026-07-21,2026,,1,0,QQQ,daily,22.5,1.9,5,21.4,0.97,1,1,0,0.97,1.015,10.17,17.89,60.02,1,6.44,8.74,10.13,12.36,20.36,106.81,1.39,4.43,17.39,bullish,6.65,3.93,-4.11,1.236,0,-4.11,1.236,0,1,1,-0.12,9.94,20.29,0.06,1.52,37,60.37,-4.99,struktur,1,24
live,KLAC,2026-05-27,2026-06-11,2026,,1,0,QQQ,daily,8.1,-5.6,15,21.4,1.18,1,1,0,1.18,1.019,12.96,20.23,53.82,1,8.83,7.3,14.51,6.0,33.67,82.91,1.75,4.29,22.3,bullish,22.56,5.2,-5.36,1.22,0,-5.36,1.22,0,1,1,-0.12,9.94,20.29,11.13,0.45,11,18.79,-7.85,struktur,1,24
live,NUE,2026-05-27,2026-06-11,2026,,1,0,SPX,daily,5.5,-3.8,6,3.6,0.24,1,1,0,0.24,1.004,5.43,20.63,44.33,1,12.05,5.63,6.1,11.76,37.66,64.36,0.3,2.31,10.91,bullish,19.99,4.72,-3.43,1.069,0,-3.43,1.069,0,1,1,-0.12,9.94,20.29,14.44,0.56,11,9.82,-0.65,struktur,1,24
live,STX,2026-05-27,2026-06-11,2026,,1,0,SPX,daily,-4.9,0.3,7,21.4,2.14,1,1,0,2.14,1.024,15.77,49.78,147.46,1,33.45,20.75,14.16,41.94,113.94,253.21,4.18,5.65,28.04,bullish,91.66,4.96,-5.29,1.405,0,-5.29,1.405,0,1,1,-0.12,9.94,20.29,77.85,-0.22,11,9.72,-8.99,zeitstopp,1,24
live,CAT,2026-05-28,2026-06-12,2026,,1,0,SPX,4h,0.7,-4.6,8,3.6,-3.52,0,1,13,-3.52,0.945,0.96,11.4,42.88,1,8.58,8.08,5.79,11.26,18.92,66.02,-1.25,3.16,7.34,bullish,20.0,2.32,-9.21,0.618,13,-9.21,0.618,13,1,1,-0.53,10.93,18.44,0.41,0.11,11,5.37,-5.03,zeitstopp,1,27
live,HPQ,2026-05-28,2026-06-12,2026,,1,0,SPX,weekly,-4.9,nan,nan,3.6,-30.2,0,0,374,-8.75,0.777,20.03,28.6,14.68,0,6.61,-1.14,21.53,27.62,40.51,8.07,3.1,4.6,29.86,bullish,6.36,6.49,-6.41,1.414,0,-31.75,1.08,117,1,1,-0.53,10.93,18.44,18.64,-0.21,11,12.83,-8.4,zeitstopp,0,27
live,JBHT,2026-05-28,2026-09-02,2026,,1,0,SPX,daily,-4.8,nan,nan,21.4,-1.32,0,1,0,-1.32,0.975,7.13,14.83,40.12,1,5.54,5.83,5.59,7.79,23.54,63.08,-0.54,3.12,7.15,bullish,8.55,2.29,-2.21,0.406,0,-2.21,0.406,0,1,1,-0.53,10.93,18.44,4.31,-0.72,67,11.27,-5.68,struktur,1,27
live,BBY,2026-05-29,2026-08-07,2026,,1,0,SPX,weekly,9,nan,nan,3.6,-22.67,0,0,415,-10.43,0.687,23.46,19.88,8.26,0,-2.03,-0.66,22.57,27.25,20.7,1.66,-0.99,3.48,31.11,bullish,2.95,8.94,-11.17,0.64,0,-32.26,0.72,124,1,1,-0.14,11.19,20.89,-0.16,0.38,48,24.98,-5.8,struktur,0,31
live,FCX,2026-05-29,2026-06-15,2026,,1,0,SPX,4h,8.8,nan,nan,3.6,-7.81,0,0,27,-7.81,0.847,5.9,6.15,25.09,1,-0.89,3.86,8.21,15.7,-3.46,62.24,-0.67,4.29,13.36,bearish,-2.99,3.11,-21.81,0.642,27,-21.81,0.642,27,1,1,-0.14,11.19,20.89,-20.14,0.75,11,10.18,-5.65,struktur,1,31
live,FSLR,2026-05-29,2026-06-15,2026,,1,0,QQQ,weekly,-9.9,nan,nan,3.6,-2.5,0,1,0,-2.5,0.956,28.66,43.66,33.3,0,5.36,2.49,27.55,59.16,51.61,16.75,-0.24,5.05,37.94,bearish,-15.93,7.51,-11.53,0.783,0,-11.53,0.783,0,1,1,-0.14,11.19,20.89,25.41,-0.36,11,6.05,-17.84,zeitstopp,1,31
live,SMCI,2026-05-29,2026-06-15,2026,,1,0,QQQ,weekly,-28.7,nan,nan,19.2,-63.79,0,0,556,-28.64,0.583,35.51,56.94,23.67,0,1.65,-5.36,23.43,56.91,27.94,23.95,7.75,6.23,52.5,bullish,21.48,8.43,-13.64,1.16,0,-13.64,1.16,0,1,1,-0.14,11.19,20.89,5.83,-0.83,11,15.51,-35.71,zeitstopp,0,31
live,OKTA,2026-06-01,2026-06-16,2026,,1,0,QQQ,weekly,-8.8,nan,nan,9.1,-56.36,0,0,1328,2.82,1.057,49.15,61.36,50.69,0,5.08,-1.09,37.82,67.37,70.03,51.89,4.09,5.08,45.29,bearish,-2.66,8.92,-14.66,1.192,0,-14.66,1.192,0,1,1,-0.45,10.57,21.73,39.68,-0.28,11,10.94,-11.73,zeitstopp,0,26
live,ORCL,2026-06-01,2026-06-12,2026,,1,0,SPX,daily,-19.7,nan,nan,3.6,-32.8,0,0,180,-32.8,0.46,20.28,34.82,11.9,0,10.43,-2.58,18.98,39.9,55.83,15.29,2.09,4.23,23.9,bullish,6.09,5.65,-8.08,1.23,0,-8.08,1.23,0,1,1,-0.45,10.57,21.73,28.01,-1.02,9,8.57,-23.96,stopp,0,26
live,AKAM,2026-06-02,2026-06-10,2026,,1,0,SPX,4h,-11.5,-0.3,6,21.4,-8.14,0,0,12,-8.14,0.859,6.7,26.82,60.08,1,15.35,7.45,4.61,48.27,57.73,72.17,-1.31,4.62,8.36,bullish,40.01,1.81,-16.53,0.508,12,-16.53,0.508,12,1,1,-0.39,10.17,22.3,28.97,-1.49,6,8.43,-14.91,stopp,0,32
live,CNC,2026-06-02,2026-06-17,2026,,1,0,SPX,weekly,-0.7,nan,nan,3.6,-29.53,0,0,875,-0.32,0.995,7.34,33.86,55.37,1,17.69,8.43,4.84,16.24,39.01,57.12,-0.16,3.02,6.85,bullish,34.42,2.27,-4.24,0.924,0,-4.24,0.924,0,1,1,-0.39,10.17,22.3,13.67,-0.11,11,7.51,-5.93,zeitstopp,0,32
live,FDX,2026-06-02,2026-06-11,2026,,1,0,SPX,weekly,-3.7,nan,nan,3.6,-16.51,0,0,21,-16.51,0.656,-2.67,-6.89,11.39,1,-2.44,4.17,6.56,-14.02,-12.24,23.84,-0.34,4.41,4.79,bearish,-4.91,1.09,-27.98,0.41,21,-27.98,0.41,21,1,1,-0.39,10.17,22.3,-28.24,-0.81,7,0.47,-5.45,stopp,0,32
live,HUM,2026-06-02,2026-10-09,2026,,1,1,SPX,4h,32.8,3.6,4,3.6,-40.81,0,0,894,-2.45,0.952,11.94,38.5,33.64,0,24.19,1.96,6.61,40.53,76.2,34.6,-0.96,3.68,8.39,bullish,11.08,2.28,-5.19,0.529,0,-5.19,0.529,0,1,1,-0.39,10.17,22.3,44.07,4.24,90,40.4,-2.16,offen,0,32
live,IBM,2026-06-02,2026-06-17,2026,,1,0,SPX,weekly,-15.1,nan,nan,3.6,-4.34,0,1,0,-4.34,0.877,30.76,30.46,16.46,0,-1.11,-0.55,26.23,37.99,33.86,6.28,-2.08,3.97,29.12,bullish,0.09,7.34,-6.09,0.288,0,-6.09,0.288,0,1,1,-0.39,10.17,22.3,9.45,-0.67,11,5.96,-16.53,zeitstopp,1,32
live,MGM,2026-06-02,2026-06-17,2026,,1,0,SPX,weekly,-5,nan,nan,3.6,-2.11,0,1,0,-2.11,0.951,29.48,31.79,40.87,1,3.05,0.69,32.01,31.66,41.91,45.74,-0.37,3.95,44.41,bullish,7.82,11.24,-6.38,0.669,0,-6.38,0.669,0,1,1,-0.39,10.17,22.3,16.04,-0.16,11,0.0,-8.59,zeitstopp,0,32
live,LRCX,2026-06-03,2026-06-08,2026,,1,0,QQQ,4h,-4.9,2.9,12,21.4,-0.15,0,1,0,-0.15,0.998,11.68,25.19,71.87,1,12.67,11.48,3.63,29.24,53.99,114.82,0.19,4.5,10.23,bullish,14.28,2.27,-4.38,0.966,0,-4.38,0.966,0,1,1,-0.04,10.89,24.19,23.99,-0.53,3,3.33,-9.64,stopp,1,33
live,LITE,2026-06-04,2026-06-22,2026,,1,0,QQQ,weekly,-5.3,nan,nan,10.9,-17.09,0,0,15,-17.09,0.816,-3.96,2.43,91.28,1,13.37,21.33,3.96,-5.69,37.78,195.03,-4.04,8.85,12.72,bullish,13.09,1.44,-25.7,0.335,15,-25.7,0.335,15,1,1,-0.59,9.18,22.01,12.93,-0.47,11,10.93,-13.79,zeitstopp,0,35
live,SM,2026-06-04,2026-06-16,2026,,1,0,SPX,4h,-16.1,-6.5,8,3.9,-33.56,0,0,541,-6.65,0.871,4.74,8.92,38.46,1,9.09,2.33,11.97,9.13,39.99,76.2,-2.35,4.43,12.55,bullish,7.16,2.83,-16.22,0.59,9,-16.22,0.59,9,1,1,-0.59,9.18,22.01,14.74,-1.44,8,2.62,-16.36,stopp,0,35
live,ELV,2026-06-08,2026-06-24,2026,,1,0,SPX,daily,-3.2,nan,nan,3.6,-25.37,0,0,440,-1.2,0.966,4.16,15.34,22.4,1,12.84,3.34,5.68,10.98,43.76,26.54,-0.96,2.6,7.35,bullish,35.0,2.83,-1.82,0.34,0,-1.82,0.34,0,1,1,-5.82,1.46,17.71,22.14,-0.47,11,4.17,-6.99,zeitstopp,0,15
live,H,2026-06-08,2026-06-24,2026,,1,0,SPX,4h,4.1,nan,nan,3.7,-1.59,0,1,0,-1.59,0.954,8.83,15.94,22.67,1,6.43,2.31,6.45,13.25,29.03,19.82,-0.59,3.17,7.28,bullish,16.54,2.3,-2.51,0.365,0,-2.51,0.365,0,1,1,-5.82,1.46,17.71,9.62,0.6,11,7.78,-1.1,zeitstopp,1,15
live,ODFL,2026-06-08,2026-06-24,2026,,1,0,QQQ,weekly,-10.3,-13.5,34,21.4,-1.68,0,1,0,-1.68,0.966,14.65,16.86,42.1,1,4.18,3.73,7.88,22.47,25.06,60.92,0.99,3.12,14.75,bullish,5.49,4.73,-3.26,0.486,0,-3.26,0.486,0,1,1,-5.82,1.46,17.71,6.24,-0.8,11,2.89,-11.78,zeitstopp,1,15
live,RS,2026-06-08,2026-06-24,2026,,1,0,SPX,weekly,1.5,nan,nan,3.7,-2.05,0,1,1,-2.05,0.943,5.19,12.39,27.22,1,8.77,2.81,3.58,6.86,30.06,37.5,-0.31,2.25,2.73,bullish,4.64,1.21,-3.69,0.444,1,-3.69,0.444,1,1,1,-5.82,1.46,17.71,10.49,0.58,11,6.78,-1.0,zeitstopp,1,15
live,XPO,2026-06-08,2026-06-18,2026,,1,0,SPX,weekly,-7.4,nan,nan,3.7,-4.73,0,1,34,-4.73,0.907,5.58,4.93,32.86,1,2.71,5.17,2.19,5.83,16.06,56.65,0.72,3.79,5.76,bullish,4.97,1.52,-16.47,0.713,34,-16.47,0.713,34,1,1,-5.82,1.46,17.71,-1.4,-1.36,8,5.23,-9.59,stopp,1,15
live,CVS,2026-06-09,2026-08-06,2026,,1,0,SPX,4h,4.4,nan,nan,3.7,-1.76,0,1,16,-1.76,0.958,3.17,14.65,23.82,1,9.66,4.13,7.13,7.21,25.14,28.65,-0.39,2.38,9.23,bullish,24.8,3.88,-9.15,0.808,16,-9.15,0.808,16,1,1,-4.35,0.68,17.97,6.07,0.52,40,14.46,-3.31,struktur,1,17
live,UNH,2026-06-09,2026-06-25,2026,,1,0,SPX,daily,-0.2,nan,nan,3.7,-33.0,0,0,392,0.31,1.007,5.37,15.92,24.81,1,13.57,3.95,7.03,6.39,41.76,22.98,0.84,2.5,10.52,bullish,39.85,4.21,-3.36,1.093,0,-3.36,1.093,0,1,1,-4.35,0.68,17.97,20.17,-0.03,11,2.43,-2.22,zeitstopp,0,17
live,MOH,2026-06-10,2026-07-23,2026,,1,0,SPX,weekly,-1.3,nan,nan,3.9,-52.12,0,0,551,-34.84,0.43,9.39,17.77,21.35,1,10.64,1.46,12.9,9.65,43.69,33.72,-0.04,3.43,18.56,bullish,30.88,5.41,-2.97,0.677,0,-2.97,0.677,0,1,1,-5.45,-0.77,16.61,23.22,-0.08,29,20.26,-6.29,struktur,0,18
live,CSCO,2026-06-12,2026-06-29,2026,,1,0,QQQ,4h,-6,-0.7,2,21.4,-6.15,0,0,5,-6.15,0.882,1.51,21.01,51.34,1,19.97,7.05,-6.28,19.59,57.57,54.88,0.43,3.98,5.54,bullish,57.72,1.39,-10.64,0.422,5,-10.64,0.422,5,1,1,-4.21,0.34,20.22,31.06,-1.15,10,0.44,-7.76,stopp,0,12
live,LRCX,2026-06-12,2026-07-21,2026,,1,0,QQQ,daily,-8.6,-4.9,4,21.4,-1.48,0,1,0,-1.48,0.98,14.38,26.93,76.99,1,15.52,11.82,7.76,22.62,72.92,118.74,-0.86,6.08,18.63,bullish,14.28,3.06,-7.84,0.811,0,-7.84,0.811,0,1,1,-4.21,0.34,20.22,43.84,-0.55,25,22.1,-16.84,struktur,1,12
live,NUE,2026-06-15,2026-06-24,2026,,1,0,SPX,4h,-10.1,5.5,4,3.7,0.45,1,1,0,0.45,1.008,9.86,20.76,54.92,1,16.85,6.39,4.7,14.39,63.49,63.19,1.37,3.09,11.17,bullish,19.99,3.61,-1.66,1.27,0,-1.66,1.27,0,1,1,-3.65,0.22,21.65,34.39,-1.01,6,0.33,-12.04,stopp,1,11
live,STX,2026-06-15,2026-07-01,2026,,1,0,SPX,4h,-13.2,-4.9,4,21.4,6.8,1,1,7,6.8,1.078,21.32,44.61,155.83,1,34.5,20.88,9.86,15.69,143.07,212.83,10.9,6.09,30.06,bullish,14.92,4.94,-17.06,1.399,7,-17.06,1.399,7,1,1,-3.65,0.22,21.65,99.81,-0.57,11,10.89,-14.77,zeitstopp,1,11
live,KLAC,2026-06-16,2026-07-02,2026,,1,0,QQQ,daily,4.5,8.1,5,21.4,-4.77,0,1,0,-4.77,0.931,24.26,35.05,79.5,1,14.11,8.87,21.64,42.29,78.51,106.29,-0.78,6.05,28.79,bullish,22.56,4.76,-6.01,0.206,0,-6.01,0.206,0,1,1,-0.62,4.95,24.08,43.87,0.2,11,20.81,-10.38,zeitstopp,1,12
live,CAT,2026-06-17,2026-07-06,2026,,1,0,SPX,4h,2.3,0.7,5,3.7,-0.45,0,1,0,-0.45,0.993,6.44,10.79,44.33,1,10.03,7.79,3.36,9.43,34.94,58.8,1.22,3.83,13.09,bullish,1.66,3.42,-2.31,0.804,0,-2.31,0.804,0,1,1,-2.51,3.4,21.13,11.4,0.2,11,12.17,-0.86,zeitstopp,1,13
live,BEN,2026-06-18,2026-07-07,2026,,1,0,SPX,daily,3.8,nan,nan,3.7,-0.6,0,1,0,-0.6,0.985,7.59,13.5,34.34,1,11.99,3.0,6.91,8.12,42.74,44.96,2.05,2.69,11.26,bullish,0.09,4.19,-2.93,0.796,0,-2.93,0.796,0,1,1,-3.49,2.99,21.6,17.38,0.38,11,3.81,-4.95,zeitstopp,1,16
live,CMI,2026-06-18,2026-07-06,2026,,1,0,SPX,daily,-9,-4.3,28,3.7,-0.08,0,1,0,-0.08,0.999,10.13,11.11,35.77,1,8.01,5.39,13.84,9.18,32.12,39.23,2.11,3.78,17.48,bearish,-3.29,4.62,-3.11,0.974,0,-3.11,0.974,0,1,1,-3.49,2.99,21.6,8.65,-0.6,10,0.66,-10.77,zeitstopp,1,16
live,HWM,2026-06-18,2026-07-07,2026,,1,0,SPX,daily,-4.4,nan,nan,3.7,0.94,1,1,0,0.94,1.023,11.21,12.73,29.35,1,3.55,3.88,13.52,11.9,17.07,43.68,1.8,3.23,19.52,bullish,8.01,6.04,-4.23,1.223,0,-4.23,1.223,0,1,1,-3.49,2.99,21.6,-3.73,-0.27,11,0.8,-10.31,zeitstopp,1,16
live,MRNA,2026-06-18,2026-10-09,2026,,1,1,QQQ,weekly,251.8,-9,52,7.5,-87.14,0,0,1218,2.66,1.041,30.31,28.01,63.91,1,-2.16,6.18,34.38,35.17,17.94,106.55,3.5,5.84,42.29,bearish,-12.74,7.24,-12.5,1.213,0,-12.5,1.213,0,1,1,-3.49,2.99,21.6,-3.01,8.47,78,251.78,-17.67,offen,0,16
live,STT,2026-06-18,2026-07-07,2026,,1,0,SPX,daily,2.2,nan,nan,3.7,-0.64,0,1,0,-0.64,0.986,7.32,12.58,33.84,1,10.72,4.11,5.75,13.4,42.24,34.45,1.06,2.37,10.08,bullish,17.33,4.25,-1.96,0.674,0,-1.96,0.674,0,1,1,-3.49,2.99,21.6,16.97,0.24,11,4.59,-4.73,zeitstopp,1,16
live,TER,2026-06-18,2026-07-07,2026,,1,0,SPX,weekly,-16.1,nan,nan,21.5,-4.29,0,1,0,-4.29,0.947,10.41,13.82,67.57,1,9.47,12.06,17.54,27.12,36.15,109.93,3.25,7.55,25.19,bearish,-0.36,3.34,-7.38,0.418,0,-7.38,0.418,0,1,1,-3.49,2.99,21.6,11.97,-0.8,11,15.67,-22.18,zeitstopp,1,16
live,TXN,2026-06-18,2026-07-07,2026,,1,0,QQQ,daily,-6.5,-7.8,10,21.5,-5.55,0,0,15,-5.55,0.898,3.38,12.1,50.0,1,18.61,5.59,7.05,-0.14,58.23,70.73,3.72,4.64,15.48,bullish,15.18,3.34,-17.38,0.681,15,-17.38,0.681,15,1,1,-3.49,2.99,21.6,30.12,-0.49,11,6.68,-11.92,zeitstopp,1,16
live,WDC,2026-06-18,2026-07-07,2026,,1,0,SPX,daily,-30.3,-0.4,8,21.5,3.01,1,1,0,3.01,1.033,38.8,61.97,190.9,1,28.67,22.01,45.31,56.28,133.56,314.13,7.3,6.67,60.52,bullish,14.71,9.07,-6.43,1.467,0,-6.43,1.467,0,1,1,-3.49,2.99,21.6,92.07,-0.8,11,4.67,-33.21,zeitstopp,1,16
live,CARR,2026-06-22,2026-07-08,2026,,1,0,SPX,daily,-6.1,nan,nan,3.7,-11.82,0,0,419,-10.48,0.723,6.9,10.52,20.98,1,6.93,0.3,2.97,12.93,21.77,34.96,0.26,3.82,4.88,bullish,6.23,1.28,-2.57,0.524,0,-2.57,0.524,0,1,1,-1.07,3.85,25.05,-2.62,-1.31,11,6.61,-8.65,stopp,0,12
live,CNC,2026-06-23,2026-07-30,2026,,1,0,SPX,4h,-3.5,-0.7,6,3.7,-27.57,0,0,889,-4.4,0.929,2.97,17.23,50.71,1,25.23,8.7,-2.32,10.23,85.12,63.83,-0.09,4.2,7.28,bullish,9.53,1.73,-9.99,0.559,8,-9.99,0.559,8,1,1,-1.32,3.39,27.08,45.67,-0.51,26,9.02,-10.92,struktur,0,19
live,GLW,2026-06-23,2026-07-09,2026,,1,0,SPX,weekly,4.8,-12.6,13,3.7,-9.39,0,0,0,-9.39,0.878,3.24,6.95,58.93,1,11.71,11.09,17.09,9.51,68.43,146.11,-8.28,7.31,12.53,bearish,-1.52,1.71,-7.72,-0.217,0,-7.72,-0.217,0,1,1,-1.32,3.39,27.08,32.54,0.43,11,41.22,-7.3,zeitstopp,1,19
live,IRM,2026-06-23,2026-07-02,2026,,1,0,SPX,daily,-6.1,nan,nan,3.7,-3.24,0,1,31,-3.24,0.924,2.7,5.11,26.23,1,8.02,3.77,4.34,4.26,32.38,67.44,-1.6,2.91,4.49,bearish,-3.16,1.54,-9.6,0.663,31,-9.6,0.663,31,1,1,-1.32,3.39,27.08,4.17,-1.42,7,3.8,-10.84,stopp,1,19
live,KEYS,2026-06-23,2026-06-29,2026,,1,0,SPX,weekly,-8.1,-5.6,13,3.7,-4.24,0,1,0,-4.24,0.928,4.08,4.1,45.07,1,6.84,7.89,6.46,10.6,34.52,88.05,-3.82,3.81,4.44,bearish,-3.0,1.17,-1.97,-1.15,0,-1.97,-1.15,0,1,1,-1.32,3.39,27.08,5.85,-1.9,4,2.76,-8.92,stopp,0,19
live,MS,2026-06-23,2026-07-09,2026,,1,0,SPX,weekly,-0.7,nan,nan,3.7,-3.45,0,1,1,-3.45,0.922,4.65,11.9,27.49,1,11.26,4.1,6.1,13.26,41.39,31.33,-2.02,2.79,9.2,bullish,5.16,3.3,-3.29,-0.05,1,-3.29,-0.05,1,1,1,-1.32,3.39,27.08,11.26,-0.08,11,2.44,-7.1,zeitstopp,0,19
live,MTZ,2026-06-23,2026-07-09,2026,,1,0,SPX,daily,4.5,-11.3,35,3.7,-13.57,0,0,31,-13.57,0.787,2.66,-0.76,38.9,1,5.87,7.52,11.94,4.51,35.18,94.16,-6.11,4.3,15.61,bullish,42.23,3.63,-24.49,0.446,31,-24.49,0.446,31,1,1,-1.32,3.39,27.08,6.37,0.33,11,12.63,-8.75,zeitstopp,0,19
live,PWR,2026-06-23,2026-06-29,2026,,1,0,SPX,daily,-2.8,-8,35,3.7,-10.02,0,0,31,-10.02,0.817,0.01,2.14,35.14,1,9.21,6.67,4.58,3.24,33.29,78.75,-4.11,4.1,2.71,bullish,35.15,0.66,-18.59,0.461,31,-18.59,0.461,31,1,1,-1.32,3.39,27.08,4.89,-1.06,4,1.53,-3.77,stopp,0,19
live,TGT,2026-06-24,2026-07-07,2026,,1,0,SPX,weekly,-6,nan,nan,3.7,-19.56,0,0,558,-1.58,0.961,5.88,7.02,26.71,1,3.15,2.94,0.71,6.78,16.69,36.78,1.18,2.9,7.37,bullish,5.08,2.54,-7.41,0.786,5,-7.41,0.786,5,1,1,-4.57,-0.43,21.5,-3.96,-0.87,8,5.25,-8.1,stopp,0,20
live,ILMN,2026-06-25,2026-10-09,2026,,1,1,QQQ,weekly,56.1,nan,nan,21.5,-67.03,0,0,1345,0.27,1.005,9.3,21.11,39.52,1,11.82,5.28,6.58,20.56,38.98,29.91,1.8,4.01,13.3,bullish,17.99,3.32,-6.59,1.041,0,-6.59,1.041,0,1,1,-4.98,-2.59,21.82,14.09,4.78,74,73.56,-2.81,offen,0,21
live,NTRA,2026-06-25,2026-07-13,2026,,1,0,SPX,weekly,3.1,nan,nan,3.7,-2.16,0,1,0,-2.16,0.957,17.06,23.07,24.68,1,4.37,2.89,18.11,29.4,33.65,12.08,-0.4,4.96,19.15,bullish,2.86,3.86,-9.69,0.777,0,-9.69,0.777,0,1,1,-4.98,-2.59,21.82,9.71,0.19,11,11.24,-0.72,zeitstopp,1,21
live,SWK,2026-06-25,2026-07-13,2026,,1,0,SPX,weekly,-2.5,nan,nan,3.7,-13.37,0,0,434,-2.61,0.924,10.6,15.03,19.69,1,6.02,1.27,5.96,14.8,25.26,24.61,0.31,3.71,9.19,bearish,-2.51,2.48,-5.08,1.057,0,-28.79,0.909,91,1,1,-4.98,-2.59,21.82,2.82,-0.3,11,5.8,-5.65,zeitstopp,0,21
live,CRL,2026-06-29,2026-10-09,2026,,1,1,SPX,weekly,40.1,nan,nan,3.7,-21.67,0,0,576,-5.89,0.841,14.52,21.88,20.36,0,4.84,1.6,16.62,18.98,30.65,6.35,-0.16,3.58,21.61,bearish,-0.39,6.04,-3.31,0.752,0,-36.12,0.837,113,1,1,-5.52,-3.85,23.27,5.99,2.26,71,54.73,-0.93,offen,1,15
live,MAS,2026-06-29,2026-07-15,2026,,1,0,SPX,weekly,-3,nan,nan,3.7,-5.45,0,0,424,-1.19,0.958,9.54,12.67,18.49,1,7.23,-0.03,7.52,13.13,32.86,25.34,-0.16,3.25,10.2,bearish,-5.99,3.14,-3.02,0.607,1,-3.02,0.607,1,1,1,-5.52,-3.85,23.27,7.78,-0.32,11,4.22,-5.42,zeitstopp,0,15
live,OKTA,2026-06-29,2026-09-25,2026,,1,1,QQQ,daily,54,-8.8,13,9.2,-56.89,0,0,1347,-10.97,0.804,5.08,30.93,44.16,1,23.12,3.46,5.49,31.21,56.56,39.55,1.98,4.88,9.61,bullish,78.23,1.97,-24.83,0.558,18,-24.83,0.558,18,1,1,-5.52,-3.85,23.27,27.01,6.16,62,67.67,-0.98,offen,0,15
live,UNH,2026-06-29,2026-07-15,2026,,1,0,SPX,4h,-1.7,-0.2,4,3.7,-29.9,0,0,405,-0.33,0.993,6.48,11.63,27.95,1,13.69,3.21,6.72,12.5,59.63,32.77,-0.32,2.27,7.71,bullish,39.85,3.4,-2.75,0.881,0,-2.75,0.881,0,1,1,-5.52,-3.85,23.27,29.5,-0.23,11,1.82,-3.11,zeitstopp,0,15
live,DDOG,2026-06-30,2026-07-23,2026,,1,0,QQQ,daily,0,4.3,21,6.8,-11.55,0,0,19,-11.55,0.822,4.6,23.28,59.83,1,30.6,7.2,12.29,0.49,117.13,80.07,-0.83,4.75,17.05,bullish,108.61,3.59,-23.67,0.512,19,-23.67,0.512,19,1,1,-3.18,-1.82,28.85,68.52,0.0,16,12.25,-1.84,struktur,0,18
live,LLY,2026-06-30,2026-07-16,2026,,1,0,SPX,weekly,-5.4,nan,nan,3.7,-0.74,0,1,0,-0.74,0.985,8.94,18.41,25.76,1,8.73,4.39,11.6,11.31,40.04,14.39,-0.09,3.0,15.02,bullish,21.1,5.01,-2.82,0.738,0,-2.82,0.738,0,1,1,-3.18,-1.82,28.85,8.69,-0.42,11,1.67,-7.69,zeitstopp,1,18
live,VLO,2026-06-30,2026-10-09,2026,,1,1,SPX,weekly,62.5,nan,nan,3.7,-1.9,0,1,0,-1.9,0.964,5.76,8.09,31.57,1,1.67,5.53,9.25,8.78,4.72,62.92,0.26,3.83,14.23,bullish,1.18,3.72,-4.09,0.536,0,-4.09,0.536,0,1,1,-3.18,-1.82,28.85,-18.73,5.01,71,68.45,-2.84,offen,1,18
live,AXON,2026-07-02,2026-07-20,2026,,1,0,QQQ,weekly,-14.6,nan,nan,21.5,-33.73,0,0,227,-33.73,0.454,25.72,36.63,9.87,0,5.61,-5.1,30.05,21.19,39.86,2.31,-1.16,5.48,34.77,bullish,17.5,6.34,-8.24,0.525,0,-47.84,0.798,116,1,1,-3.03,-2.71,25.78,11.19,-0.56,11,13.29,-14.81,zeitstopp,0,18
live,ABBV,2026-07-06,2026-07-15,2026,,1,0,SPX,weekly,-6.4,nan,nan,3.7,-0.66,0,1,0,-0.66,0.979,11.22,18.89,18.28,0,4.96,1.27,7.37,20.24,22.45,15.5,-0.44,2.78,6.06,bullish,4.75,2.18,-4.25,0.845,0,-4.25,0.845,0,1,1,-4.71,-4.14,22.09,0.29,-1.12,7,0.38,-6.48,stopp,0,14
live,GE,2026-07-06,2026-07-09,2026,,1,0,SPX,weekly,-4.1,nan,nan,3.7,-1.51,0,1,0,-1.51,0.959,7.44,18.26,22.06,1,7.35,2.56,1.66,19.98,28.99,21.26,-0.09,2.59,4.72,bearish,-2.86,1.82,-2.25,0.326,0,-2.25,0.326,0,1,1,-4.71,-4.14,22.09,5.65,-0.92,3,0.83,-6.08,stopp,0,14
live,IFF,2026-07-06,2026-07-21,2026,,1,0,SPX,weekly,-7.4,nan,nan,3.7,-23.08,0,0,866,-0.73,0.976,8.78,10.74,19.01,1,2.48,1.7,11.65,13.96,15.52,24.14,-0.58,2.61,13.62,bearish,-0.87,5.22,-15.01,0.956,39,-22.44,0.968,94,1,1,-4.71,-4.14,22.09,-5.38,-0.62,11,0.58,-10.63,zeitstopp,0,14
live,JNJ,2026-07-06,2026-07-16,2026,,1,0,SPX,weekly,-4.4,nan,nan,3.7,-1.09,0,1,0,-1.09,0.974,7.94,11.88,19.37,1,0.43,3.11,7.42,17.83,7.75,27.8,-1.07,2.37,4.69,bullish,3.18,1.98,-3.46,0.685,0,-3.46,0.685,0,1,1,-4.71,-4.14,22.09,-11.75,-0.97,8,3.54,-5.45,stopp,1,14
live,SIRI,2026-07-06,2026-07-21,2026,,1,0,QQQ,4h,0,-1.5,27,21.5,-57.52,0,0,740,-0.62,0.983,8.04,9.83,31.5,1,6.6,2.36,9.91,8.65,30.33,52.86,-0.29,2.86,6.51,bullish,4.66,2.28,-1.73,0.642,0,-1.73,0.642,0,1,1,-4.71,-4.14,22.09,6.75,0.0,11,3.29,-1.71,zeitstopp,0,14
live,SON,2026-07-06,2026-07-15,2026,,1,0,SPX,weekly,-8.3,nan,nan,3.8,-0.19,0,1,93,-0.19,0.995,11.59,14.94,21.47,1,-2.41,1.33,5.67,18.39,4.08,32.4,0.64,2.71,8.46,bearish,-3.3,3.12,-20.63,0.996,51,-20.71,0.991,93,1,1,-4.71,-4.14,22.09,-14.75,-1.06,7,0.29,-8.38,stopp,1,14
live,WELL,2026-07-06,2026-07-21,2026,,1,0,QQQ,weekly,2.7,nan,nan,3.7,-0.08,0,1,0,-0.08,0.998,9.38,10.41,19.86,1,2.33,2.6,5.51,18.27,18.71,26.01,-0.08,2.34,17.42,bullish,0.95,7.44,-2.9,0.972,0,-2.9,0.972,0,1,1,-4.71,-4.14,22.09,-2.77,0.18,11,4.91,-3.18,zeitstopp,1,14
live,BAX,2026-07-07,2026-07-22,2026,,1,0,SPX,weekly,-2,nan,nan,3.7,-57.08,0,0,923,-25.73,0.477,10.71,19.97,17.68,0,7.81,-1.68,2.45,16.69,35.37,18.22,1.86,3.26,9.0,bullish,4.01,2.76,-2.93,1.254,0,-2.93,1.254,0,1,1,-3.34,-2.29,23.7,9.44,-0.25,11,3.09,-8.0,zeitstopp,0,16
live,CRWD,2026-07-07,2026-07-22,2026,,1,0,QQQ,daily,-4.1,1.3,28,7.1,-4.21,0,1,0,-4.21,0.929,14.69,27.98,59.18,1,22.99,5.78,13.76,10.91,99.82,70.13,0.66,4.38,22.49,bullish,67.89,5.13,-10.0,0.579,0,-10.0,0.579,0,1,1,-3.34,-2.29,23.7,61.54,-0.22,11,8.38,-9.81,zeitstopp,1,16
live,MPC,2026-07-09,2026-10-09,2026,,1,1,SPX,weekly,61.7,nan,nan,3.7,0.06,1,1,0,0.06,1.001,9.36,10.73,33.22,1,4.5,3.95,9.78,5.45,14.37,61.25,0.27,2.89,8.68,bullish,3.15,3.0,-4.0,1.016,0,-4.0,1.016,0,1,0,-4.87,-0.54,21.0,-5.49,7.72,64,67.0,-1.38,offen,1,13
live,PSX,2026-07-10,2026-10-09,2026,,1,1,SPX,weekly,45,nan,nan,3.7,0.62,1,1,0,0.62,1.016,9.73,8.97,24.91,1,2.02,3.05,8.78,6.04,12.99,40.05,1.06,2.74,14.78,bullish,1.78,5.39,-1.8,1.343,0,-1.8,1.343,0,1,1,-3.28,2.3,19.47,-5.42,3.5,63,49.38,-3.0,offen,1,11
live,CSCO,2026-07-13,2026-07-17,2026,,1,0,QQQ,daily,-9,-6,14,21.5,-7.98,0,0,24,-7.98,0.842,1.72,5.47,40.0,1,13.51,6.36,7.65,2.11,45.86,63.23,-1.1,3.18,8.85,bearish,-5.74,2.78,-14.6,0.454,24,-14.6,0.454,24,1,1,-2.98,4.7,19.03,22.54,-1.11,4,0.31,-10.37,stopp,0,11
live,AAPL,2026-07-14,2026-08-04,2026,,1,0,QQQ,4h,-3.5,nan,nan,21.5,-3.03,0,1,0,-3.03,0.92,4.83,5.01,15.06,1,4.89,2.35,1.49,7.33,21.82,22.61,-1.16,2.88,3.18,bullish,23.5,1.1,-2.37,-0.279,0,-2.37,-0.279,0,1,0,-4.83,-0.64,16.6,4.47,-1.13,15,9.86,-4.35,stopp,1,12
live,AMG,2026-07-16,2026-07-22,2026,,1,0,SPX,4h,-9.6,nan,nan,4.0,-1.47,0,1,0,-1.47,0.969,6.73,14.56,29.03,1,8.2,4.22,6.55,7.55,25.19,21.55,-0.65,2.61,6.44,bullish,14.5,2.47,-3.35,0.56,0,-3.35,0.56,0,1,1,-4.02,-3.42,14.31,9.52,-1.59,4,1.05,-12.99,stopp,0,6
live,CSX,2026-07-17,2026-08-03,2026,,1,0,SPX,4h,-0.7,nan,nan,21.5,0.02,1,1,0,0.02,1.001,6.01,8.87,26.33,1,3.92,3.99,3.12,8.51,20.88,43.31,0.22,1.67,5.33,bullish,3.18,3.19,-2.88,1.007,0,-2.88,1.007,0,1,0,-5.6,-3.17,10.87,9.02,-0.14,11,5.1,-3.22,zeitstopp,1,10
live,DXCM,2026-07-17,2026-07-24,2026,,1,0,QQQ,4h,-8.7,nan,nan,21.3,-52.77,0,0,1166,-13.47,0.662,8.38,11.02,15.7,1,5.77,-0.37,6.79,6.59,26.71,11.0,-0.15,3.59,9.11,bullish,20.86,2.54,-7.62,0.786,0,-7.62,0.786,0,1,0,-5.6,-3.17,10.87,14.29,-1.05,5,0.19,-10.36,stopp,0,10
live,MNST,2026-07-17,2026-07-24,2026,,1,0,QQQ,daily,-6.6,nan,nan,21.5,0.04,1,1,0,0.04,1.001,4.12,10.14,26.52,1,9.66,4.22,3.5,7.53,33.36,27.41,0.08,2.01,6.63,bullish,15.36,3.3,-2.42,1.017,0,-2.42,1.017,0,1,0,-5.6,-3.17,10.87,20.28,-1.05,5,0.32,-7.08,stopp,1,10
live,ODFL,2026-07-17,2026-07-31,2026,,1,0,QQQ,4h,-8.9,-10.3,23,21.5,-6.59,0,0,25,-6.59,0.869,6.19,7.05,28.49,1,1.69,4.39,5.0,2.39,15.58,38.35,-0.73,2.88,6.28,bullish,7.8,2.18,-15.7,0.58,25,-15.7,0.58,25,1,0,-5.6,-3.17,10.87,4.24,-1.51,10,1.31,-12.85,stopp,0,10
live,VTRS,2026-07-17,2026-08-03,2026,,1,0,SPX,4h,2,4.1,57,3.8,-1.08,0,1,46,-1.08,0.979,6.61,6.35,28.88,1,4.88,5.03,6.06,8.04,25.04,30.69,0.06,2.71,8.65,neutral,0.0,3.19,-14.77,0.927,46,-14.77,0.927,46,1,0,-5.6,-3.17,10.87,12.77,0.25,11,4.21,-3.34,zeitstopp,1,10
live,XPO,2026-07-17,2026-07-30,2026,,1,0,SPX,daily,-4.1,-7.4,29,3.8,-6.65,0,0,22,-6.65,0.866,5.63,3.5,22.67,1,-2.21,4.4,5.41,2.34,4.26,48.95,-1.22,3.34,7.37,bullish,0.25,2.21,-15.6,0.573,22,-15.6,0.573,22,1,0,-5.6,-3.17,10.87,-5.97,-0.6,9,1.79,-10.46,stopp,0,10
live,TRV,2026-07-20,2026-08-04,2026,,1,0,SPX,4h,0.7,nan,nan,3.8,-0.76,0,1,0,-0.76,0.977,10.52,17.53,24.93,1,4.04,2.05,8.87,20.55,23.47,35.78,-0.37,2.6,14.11,bearish,-0.96,5.43,-7.8,0.902,0,-7.8,0.902,0,1,0,-7.02,-3.66,8.68,13.6,0.06,11,8.46,-1.43,zeitstopp,1,9
live,ANET,2026-07-23,2026-10-09,2026,,1,1,SPX,4h,25.5,nan,nan,3.8,-8.98,0,0,9,-8.98,0.794,0.76,6.37,19.04,1,1.9,1.88,1.72,7.81,1.16,37.13,-1.2,6.12,11.06,bullish,8.34,1.81,-17.22,0.478,9,-17.22,0.478,9,1,0,-5.68,-1.16,9.59,-7.69,2.55,54,25.84,-9.22,offen,1,10
live,EIX,2026-07-23,2026-08-03,2026,,1,0,SPX,4h,-7.3,nan,nan,3.8,-1.61,0,1,0,-1.61,0.96,5.25,9.93,22.94,1,3.83,3.74,4.83,11.51,16.64,37.41,-0.97,2.31,5.3,bullish,2.79,2.29,-2.84,0.434,0,-2.84,0.434,0,1,0,-5.68,-1.16,9.59,6.43,-1.45,7,2.54,-10.64,stopp,1,10
live,DGX,2026-07-24,2026-08-10,2026,,1,0,SPX,daily,3.7,nan,nan,3.8,-4.11,0,1,0,-4.11,0.868,8.33,13.05,18.93,1,3.37,1.54,8.83,12.21,11.72,23.96,0.04,3.04,12.84,bullish,5.64,4.22,-7.48,0.45,0,-7.48,0.45,0,1,0,-7.47,-2.63,5.74,5.65,0.33,11,5.27,-2.01,zeitstopp,1,12
live,NVCR,2026-07-24,2026-08-03,2026,,1,0,SPX,weekly,-27.5,nan,nan,3.8,-82.77,0,0,888,0.63,1.012,26.25,23.56,50.65,1,5.71,2.55,21.74,35.8,53.53,47.42,3.45,5.58,37.41,bearish,-1.47,6.7,-12.41,1.051,0,-12.41,1.051,0,1,0,-7.47,-2.63,5.74,45.2,-1.01,6,3.72,-28.29,stopp,0,12
live,UNP,2026-07-24,2026-08-10,2026,,1,0,SPX,4h,-4.1,nan,nan,3.8,-3.64,0,1,0,-3.64,0.893,6.6,11.14,22.87,1,3.72,2.61,1.64,17.07,22.02,33.36,0.05,2.12,5.73,bullish,1.26,2.7,-4.17,0.127,0,-4.17,0.127,0,1,0,-7.47,-2.63,5.74,15.4,-0.75,11,1.59,-6.47,zeitstopp,0,12
live,HPQ,2026-07-28,2026-10-09,2026,,1,0,SPX,daily,12.2,-4.9,46,3.8,-27.61,0,0,415,-8.09,0.803,12.33,12.21,21.42,1,5.85,-1.22,9.62,16.04,34.16,38.86,1.39,3.72,12.12,bearish,-12.05,3.26,-26.02,0.689,37,-26.02,0.689,37,1,0,-8.79,-3.45,2.86,30.43,1.13,51,34.58,-3.23,struktur,0,7
live,ROST,2026-07-28,2026-08-12,2026,,1,0,QQQ,weekly,1.8,-0.3,84,21.6,0.38,1,1,0,0.38,1.008,9.17,8.44,22.5,1,-0.02,3.93,3.21,14.11,7.5,29.34,0.74,2.3,6.79,bullish,2.47,2.95,-1.48,1.258,0,-1.48,1.258,0,1,0,-8.79,-3.45,2.86,4.51,0.29,11,4.83,-0.05,zeitstopp,1,7
live,DVA,2026-07-29,2026-08-06,2026,,1,0,SPX,4h,-22.9,nan,nan,3.8,-0.24,0,1,0,-0.24,0.996,3.32,12.5,55.65,1,13.96,7.07,0.92,8.99,59.59,122.73,0.7,2.53,5.9,bullish,18.23,2.33,-1.87,0.869,0,-1.87,0.869,0,1,0,-9.67,-6.71,1.81,56.75,-4.1,6,2.63,-25.81,stopp,1,10
live,PCAR,2026-07-29,2026-08-13,2026,,1,0,QQQ,4h,-4.3,nan,nan,21.6,-1.14,0,1,0,-1.14,0.967,9.15,15.01,19.85,1,2.38,2.57,9.47,15.56,8.66,13.48,-0.41,2.48,6.57,bearish,-4.86,2.65,-5.63,0.797,0,-5.63,0.797,0,1,0,-9.67,-6.71,1.81,6.73,-0.7,11,0.68,-6.32,zeitstopp,0,10
live,PYPL,2026-07-29,2026-08-13,2026,,1,0,QQQ,4h,2.5,nan,nan,11.1,-81.06,0,0,1256,-26.53,0.485,14.13,25.76,11.26,0,2.08,-3.23,4.42,31.41,17.18,3.35,-0.38,3.62,6.82,bullish,28.9,1.88,-3.96,0.7,0,-3.96,0.7,0,1,0,-9.67,-6.71,1.81,15.1,0.4,11,4.58,-2.63,zeitstopp,0,10
live,CDW,2026-07-30,2026-08-14,2026,,1,0,QQQ,daily,-2.3,nan,nan,13.1,-42.82,0,0,580,-19.28,0.585,7.06,12.22,10.53,0,4.22,-1.68,13.93,5.18,11.28,18.55,-1.09,3.68,16.01,bullish,3.07,4.35,-4.93,0.349,0,-4.93,0.349,0,1,0,-11.51,-10.14,0.75,10.46,-0.17,11,5.6,-22.77,zeitstopp,0,12
live,GRMN,2026-07-30,2026-10-09,2026,,1,0,SPX,weekly,-7.9,nan,nan,3.8,-3.63,0,1,0,-3.63,0.908,18.94,22.13,28.83,1,0.06,0.2,22.59,24.12,19.5,45.15,-0.63,3.35,23.3,bullish,1.26,6.96,-14.13,0.743,0,-14.13,0.743,0,1,0,-11.51,-10.14,0.75,18.61,-0.42,50,7.28,-10.06,struktur,1,12
live,SIRI,2026-07-30,2026-08-11,2026,,1,0,QQQ,daily,-4.1,0,9,21.6,-58.11,0,0,758,-8.14,0.798,-2.07,2.95,25.57,1,5.75,3.61,9.25,10.32,24.11,63.52,-7.95,2.46,3.84,bullish,4.35,1.56,-3.43,-1.375,0,-3.43,-1.375,0,1,0,-11.51,-10.14,0.75,23.19,-1.1,8,5.23,-5.5,stopp,0,12
live,DXCM,2026-08-03,2026-08-18,2026,,1,0,QQQ,daily,4.9,-8.7,10,21.3,-48.26,0,0,1177,-1.95,0.948,14.42,16.64,25.91,1,8.04,0.91,16.65,17.12,40.13,12.77,2.22,4.04,17.64,bullish,0.3,4.37,-6.14,1.115,0,-6.14,1.115,0,1,0,-8.0,-3.45,3.15,35.86,0.33,11,7.77,-3.76,zeitstopp,0,9
live,FTNT,2026-08-03,2026-08-18,2026,,1,0,QQQ,daily,-4.5,14.1,5,16.7,-4.14,0,1,12,-4.14,0.93,3.27,9.11,62.42,1,18.03,7.94,6.29,3.65,92.09,98.69,0.83,4.5,14.73,bullish,13.51,3.27,-15.6,0.735,12,-15.6,0.735,12,1,0,-8.0,-3.45,3.15,86.23,-0.35,11,5.38,-4.73,zeitstopp,1,9
live,DDOG,2026-08-05,2026-08-07,2026,,1,0,QQQ,daily,-19.4,0,13,6.9,0.53,1,1,0,0.53,1.008,11.57,17.75,72.99,1,16.21,7.1,14.86,12.2,96.43,123.29,1.14,4.48,23.86,bearish,-0.72,5.33,-6.31,1.084,0,-6.31,1.084,0,1,1,-3.21,2.03,7.69,82.4,-1.01,2,0.44,-22.71,stopp,1,15
live,DELL,2026-08-05,2026-08-20,2026,,1,0,SPX,daily,-5.9,nan,nan,3.8,-2.16,0,1,0,-2.16,0.972,11.15,14.79,115.49,1,22.95,14.75,19.17,12.17,121.15,293.99,-0.14,7.6,20.82,bullish,4.39,2.74,-6.93,0.689,0,-6.93,0.689,0,1,1,-3.21,2.03,7.69,105.35,-0.34,11,10.16,-10.78,zeitstopp,1,15
live,HPE,2026-08-05,2026-08-20,2026,,1,0,SPX,daily,2.6,38.6,30,3.8,-18.83,0,0,43,-18.83,0.731,9.69,11.56,75.71,1,16.74,8.38,14.92,20.52,82.48,139.55,-0.74,5.51,13.36,bearish,-20.26,2.42,-36.43,0.483,43,-36.43,0.483,43,1,1,-3.21,2.03,7.69,69.44,0.22,11,21.94,-5.54,zeitstopp,0,15
live,IT,2026-08-05,2026-08-20,2026,,1,0,SPX,weekly,2.7,nan,nan,3.8,-67.81,0,0,375,-44.26,0.299,30.38,28.77,2.54,0,-1.86,-5.61,19.22,31.95,25.78,-8.21,1.19,5.81,28.79,bearish,-19.55,4.96,-18.78,0.892,0,-18.78,0.892,0,1,1,-3.21,2.03,7.69,16.8,0.12,11,4.44,-8.17,zeitstopp,0,15
live,MRVL,2026-08-05,2026-10-09,2026,,1,1,QQQ,daily,27.5,57,22,21.6,-34.53,0,0,31,-34.53,0.576,6.35,-10.07,58.57,1,5.9,9.6,25.29,-5.25,33.56,178.03,-1.19,8.06,22.86,bullish,1.75,2.84,-50.62,0.318,31,-50.62,0.318,31,1,1,-3.21,2.03,7.69,24.02,1.48,46,39.49,-7.11,offen,0,15
live,MSFT,2026-08-05,2026-08-20,2026,,1,0,QQQ,weekly,-2.6,nan,nan,21.6,-10.12,0,0,253,-9.99,0.728,21.92,23.41,14.7,0,-0.95,-2.4,25.29,26.74,19.15,16.67,0.72,3.64,28.97,bearish,-12.94,7.96,-4.06,0.848,0,-4.06,0.848,0,1,1,-3.21,2.03,7.69,10.63,-0.12,11,3.5,-3.87,zeitstopp,0,15
live,WDAY,2026-08-06,2026-10-09,2026,,1,1,QQQ,4h,14,nan,nan,13.8,-47.41,0,0,612,-34.48,0.382,9.92,17.91,-0.55,0,7.67,-5.12,1.57,23.76,32.4,5.88,-4.06,5.98,10.58,bearish,-5.52,1.77,-2.95,-1.006,0,-2.95,-1.006,0,1,1,-4.08,0.82,5.35,25.68,1.46,45,38.96,-0.4,offen,0,16
live,NTRA,2026-08-10,2026-08-25,2026,,1,0,QQQ,4h,2.7,3.1,28,3.8,-0.44,0,1,0,-0.44,0.992,19.24,27.33,44.15,1,11.99,4.66,20.29,19.32,46.53,63.44,-0.16,4.51,23.26,bullish,26.39,5.16,-5.15,0.915,0,-5.15,0.915,0,1,1,-3.32,-0.34,4.16,40.68,0.14,11,4.83,-5.16,zeitstopp,1,11
live,PLTR,2026-08-10,2026-08-25,2026,,1,0,QQQ,weekly,3.2,nan,nan,5.9,-17.56,0,0,190,-17.56,0.64,26.69,29.02,12.35,0,-0.49,-2.89,39.78,35.67,25.51,32.31,-0.54,5.39,13.17,bearish,-15.15,2.44,-7.22,0.893,0,-7.22,0.893,0,1,1,-3.32,-0.34,4.16,20.5,0.28,11,6.64,-1.6,zeitstopp,0,11
live,TEAM,2026-08-10,2026-09-25,2026,,1,1,QQQ,weekly,26,nan,nan,10.7,-69.16,0,0,1196,-21.45,0.696,49.9,59.02,37.91,0,6.27,-4.87,47.58,67.76,61.38,51.48,-0.05,6.57,40.1,bullish,23.94,6.1,-7.63,0.641,0,-7.63,0.641,0,1,1,-3.32,-0.34,4.16,54.94,0.91,33,34.23,-2.68,offen,0,11
live,CRWD,2026-08-12,2026-08-21,2026,,1,0,QQQ,daily,-13.2,-4.1,21,7.2,-3.07,0,1,1,-3.07,0.951,10.85,17.08,61.95,1,12.68,5.84,5.06,5.3,63.68,117.53,-0.89,4.03,10.11,bullish,10.74,2.51,-5.44,0.436,1,-5.44,0.436,1,1,1,-3.93,-0.17,0.83,62.33,-1.44,7,3.44,-14.97,stopp,1,12
live,LITE,2026-08-13,2026-08-28,2026,,1,0,QQQ,weekly,1.5,-5.3,52,11.1,-14.56,0,0,63,-14.56,0.838,18.98,13.55,47.6,1,-7.17,10.91,12.85,24.0,-6.04,66.18,-0.52,9.57,19.05,bearish,-10.17,1.99,-43.99,0.712,62,-45.21,0.678,63,1,1,-3.23,0.83,2.44,-8.27,0.1,11,7.77,-15.43,zeitstopp,0,12
live,SMCI,2026-08-13,2026-08-28,2026,,1,0,QQQ,weekly,-0.7,-28.7,59,19.4,-68.84,0,0,608,-34.86,0.479,31.59,22.79,19.96,0,-6.77,-6.89,24.04,39.87,14.7,12.84,1.81,6.55,25.09,bearish,-11.44,3.83,-54.51,0.532,49,-54.51,0.532,49,1,1,-3.23,0.83,2.44,11.97,-0.04,11,10.47,-10.97,zeitstopp,0,12
live,PAYC,2026-08-14,2026-09-25,2026,,1,1,SPX,4h,-1.8,nan,nan,3.9,-38.65,0,0,762,-3.77,0.932,28.98,49.26,55.14,1,11.0,-1.86,3.55,48.61,65.77,88.89,0.44,5.42,11.02,bullish,9.87,2.03,-7.43,0.999,0,-7.43,0.999,0,1,1,-2.11,3.7,2.54,61.67,-0.19,29,9.07,-5.37,offen,0,14
live,PYPL,2026-08-14,2026-08-31,2026,,1,0,QQQ,4h,-11.7,2.5,1,11.1,-80.29,0,0,1268,-23.25,0.547,4.66,21.75,17.18,0,11.68,-2.2,1.35,6.8,33.96,50.2,-0.2,2.33,5.44,bullish,28.9,2.33,-2.88,0.834,0,-2.88,0.834,0,1,1,-2.11,3.7,2.54,30.64,-2.27,11,3.74,-14.14,stopp,0,14
live,STX,2026-08-17,2026-09-02,2026,,1,0,SPX,weekly,-18.7,-13.2,47,21.6,-13.43,0,0,39,-13.43,0.845,16.76,11.49,80.32,1,1.06,12.75,19.77,23.59,20.96,126.16,1.82,7.93,31.43,bearish,-18.21,3.96,-38.95,0.655,39,-38.95,0.655,39,1,1,-2.24,5.14,1.68,18.96,-0.78,12,2.3,-21.91,zeitstopp,0,8
live,CRM,2026-09-01,2026-09-17,2026,,1,0,SPX,weekly,-4.2,nan,nan,3.9,-30.19,0,0,434,-5.0,0.89,23.1,39.35,27.49,0,7.02,-2.1,23.19,38.5,23.19,33.81,-0.98,4.33,29.47,bullish,50.22,6.81,-5.51,0.414,1,-5.51,0.414,1,1,1,-4.15,2.38,-3.39,27.51,-0.19,11,5.2,-5.29,zeitstopp,0,1
live,NOW,2026-09-01,2026-09-17,2026,,1,0,SPX,weekly,-3.8,nan,nan,3.9,-39.68,0,0,399,-25.77,0.558,13.67,27.77,21.32,0,6.89,-4.36,15.57,29.6,8.93,35.25,-2.32,4.4,19.8,bearish,-18.25,4.5,-5.29,0.362,0,-5.29,0.362,0,1,1,-4.15,2.38,-3.39,12.75,-0.23,11,2.09,-9.8,zeitstopp,0,1
live,DELL,2026-09-04,2026-10-09,2026,,1,1,SPX,4h,14.1,-5.9,15,3.9,-3.2,0,1,0,-3.2,0.96,11.06,17.59,104.85,1,5.92,14.24,9.34,17.99,22.56,254.1,-0.51,5.85,23.01,bullish,11.08,3.93,-9.89,0.676,0,-9.89,0.676,0,1,1,-4.03,0.42,-2.99,26.33,0.75,24,15.91,-1.47,offen,1,4
live,HPE,2026-09-04,2026-10-09,2026,,1,1,SPX,4h,36.4,2.6,15,3.9,-15.94,0,0,65,-15.94,0.77,-1.15,7.91,63.11,1,5.68,10.42,0.06,3.83,1.7,155.23,-1.08,5.35,4.58,bullish,24.14,0.86,-27.93,0.46,15,-36.43,0.563,65,1,1,-4.03,0.42,-2.99,4.84,8.31,24,36.6,-4.38,offen,1,4
live,IQV,2026-09-04,2026-09-23,2026,,1,0,SPX,4h,0.8,nan,nan,3.9,-1.18,0,1,0,-1.18,0.973,6.93,18.28,33.29,1,14.78,1.79,3.87,15.07,49.2,52.7,-1.16,2.76,5.45,bullish,31.82,1.97,-3.06,0.614,0,-3.06,0.614,0,1,1,-4.03,0.42,-2.99,53.8,0.16,12,3.32,-5.94,zeitstopp,1,4
live,MU,2026-09-08,2026-10-09,2026,,1,1,QQQ,weekly,-0.7,33.1,64,21.7,-17.42,0,0,50,-17.42,0.806,9.87,10.46,70.91,1,-3.36,13.36,8.98,15.84,17.66,174.65,1.95,4.59,13.93,bullish,2.41,3.03,-41.2,0.577,50,-41.2,0.577,50,1,1,-3.86,-0.56,2.08,15.26,-0.06,23,6.98,-12.91,offen,0,6
live,STX,2026-09-08,2026-09-24,2026,,1,0,SPX,4h,3.9,-18.7,6,21.7,-23.09,0,0,54,-23.09,0.726,3.2,3.18,48.49,1,-4.33,11.21,2.43,4.49,0.21,141.14,3.69,5.82,16.5,bullish,8.28,2.84,-38.95,0.407,54,-38.95,0.407,54,1,1,-3.86,-0.56,2.08,-1.83,0.27,12,6.31,-13.89,zeitstopp,0,6
live,AMD,2026-09-09,2026-10-09,2026,,1,1,QQQ,daily,19.8,61.1,42,21.7,-13.21,0,0,48,-13.21,0.823,6.39,1.71,48.23,1,-2.76,7.18,7.44,7.71,3.14,149.53,0.35,3.71,16.38,bearish,-2.42,4.42,-27.48,0.519,48,-27.48,0.519,48,1,1,-3.94,-0.35,0.43,2.7,1.41,22,29.76,-5.35,offen,1,7
live,CRWD,2026-09-11,2026-10-09,2026,,1,1,QQQ,4h,32.2,-13.2,21,7.2,-11.05,0,0,7,-11.05,0.826,-0.2,2.83,44.77,1,7.4,5.47,2.67,-5.83,28.98,89.0,-0.39,6.3,2.31,bullish,2.8,0.37,-14.23,0.224,7,-14.23,0.224,7,1,0,-5.23,-2.07,2.27,26.11,14.29,20,37.95,-1.73,offen,1,6
live,CDW,2026-09-14,2026-09-22,2026,,1,0,QQQ,4h,-3.3,-2.3,31,13.2,-39.9,0,0,611,-9.5,0.778,7.25,9.44,16.81,1,3.22,-0.16,-0.08,8.26,19.1,35.52,0.0,4.6,10.24,bullish,2.29,2.23,-10.84,0.752,5,-10.84,0.752,5,1,1,-4.41,-2.35,-0.2,19.34,-0.35,6,0.78,-6.58,struktur,0,4
live,BBY,2026-09-15,2026-09-30,2026,,1,0,SPX,4h,-4.1,9,39,3.9,0.09,1,1,0,0.09,1.002,9.29,11.35,34.24,1,5.76,1.69,5.06,9.74,22.38,55.87,0.17,4.12,10.59,bearish,-1.11,2.57,-4.62,1.018,0,-4.62,1.018,0,1,0,-5.17,-2.99,-1.58,24.34,-0.43,11,2.68,-7.01,zeitstopp,1,8
live,CNC,2026-09-15,2026-09-24,2026,,1,0,SPX,weekly,-9.3,-3.5,47,3.9,-22.02,0,0,946,-1.62,0.97,4.24,4.45,34.47,1,1.25,6.24,3.54,5.1,9.24,100.78,-1.31,3.36,7.25,bullish,0.64,2.16,-3.56,0.544,0,-3.56,0.544,0,1,0,-5.17,-2.99,-1.58,10.99,-1.37,7,1.33,-10.58,stopp,0,8
live,FTNT,2026-09-15,2026-09-30,2026,,1,0,QQQ,4h,4.2,-4.5,28,16.8,-3.0,0,1,11,-3.0,0.948,6.32,5.91,50.5,1,2.8,7.28,8.89,6.36,16.32,103.95,-0.89,4.62,10.63,bullish,1.05,2.3,-12.7,0.764,11,-12.7,0.764,11,1,0,-5.17,-2.99,-1.58,18.19,0.43,11,7.53,-1.53,zeitstopp,1,8
live,ZS,2026-09-15,2026-09-25,2026,,1,1,QQQ,weekly,2.5,nan,nan,8.5,-49.95,0,0,1206,-44.13,0.331,6.58,14.92,11.01,0,12.62,-7.37,12.92,4.43,48.03,24.69,-1.81,5.71,18.3,bearish,-0.24,3.2,-12.39,0.756,0,-12.39,0.756,0,1,0,-5.17,-2.99,-1.58,50.4,0.16,8,15.25,-0.43,offen,0,8
live,NTRA,2026-09-16,2026-10-09,2026,,1,1,QQQ,4h,14.4,2.7,22,3.9,-0.45,0,1,0,-0.45,0.992,6.52,17.29,46.89,1,13.83,5.41,8.22,13.18,65.41,86.73,-0.17,3.12,10.31,bullish,19.14,3.3,-3.68,0.877,0,-3.68,0.877,0,1,0,-5.79,-3.47,-5.2,74.48,1.54,17,24.91,-1.97,offen,1,10
live,RVTY,2026-09-16,2026-10-09,2026,,1,1,SPX,daily,9.4,nan,nan,3.9,-5.27,0,0,940,0.47,1.011,11.51,19.21,36.55,1,7.85,3.26,10.32,20.68,39.51,62.33,0.49,3.16,17.7,bullish,14.66,5.6,-8.24,1.057,0,-8.24,1.057,0,1,0,-5.79,-3.47,-5.2,47.16,0.63,17,18.01,-0.57,offen,1,10
live,SMCI,2026-09-18,2026-10-09,2026,,1,1,QQQ,4h,4.1,-0.7,21,19.5,-67.29,0,0,633,-31.61,0.527,6.49,20.58,27.32,1,9.65,-0.07,7.95,10.31,45.25,32.95,-0.37,5.81,14.82,bearish,-1.82,2.55,-19.41,0.744,24,-54.51,0.6,74,1,1,-4.13,0.12,-0.66,46.22,0.32,15,13.86,-4.68,offen,0,9
live,PLTR,2026-09-24,2026-10-09,2026,,1,1,QQQ,daily,10.5,3.2,30,6.0,-8.83,0,0,222,-8.83,0.819,6.61,17.05,24.53,1,14.87,0.38,10.01,11.03,68.98,23.91,-1.35,3.55,11.11,bullish,35.62,3.13,-5.6,0.577,0,-5.6,0.577,0,1,1,-0.95,4.4,4.41,61.84,1.05,11,10.77,-2.32,offen,1,8
live,ZBRA,2026-09-24,2026-10-08,2026,,1,0,SPX,daily,3.3,nan,nan,4.0,-13.94,0,0,418,-4.69,0.903,4.35,10.39,39.95,1,13.55,4.15,8.75,2.12,56.07,80.22,-0.78,2.99,9.79,bullish,39.44,3.27,-12.9,0.637,28,-12.9,0.637,28,1,1,-0.95,4.4,4.41,49.48,0.37,10,6.16,-1.46,zeitstopp,0,8
live,DDOG,2026-09-25,2026-10-09,2026,,1,1,QQQ,daily,11.4,-19.4,49,7.0,-10.09,0,0,35,-10.09,0.848,14.07,8.48,45.28,1,-2.58,3.43,8.86,12.85,16.28,108.39,2.43,4.0,17.19,bullish,5.79,4.3,-30.57,0.67,35,-30.57,0.67,35,1,1,-0.97,4.29,3.56,12.29,0.78,10,11.71,-2.91,offen,1,5
live,BE,2026-09-28,2026-10-09,2026,,1,1,SPX,4h,-0.7,nan,nan,4.0,-19.58,0,0,64,-19.58,0.763,10.14,23.0,39.2,1,-3.54,7.87,8.69,32.53,14.55,116.22,-2.14,6.57,13.55,bearish,-27.89,2.06,-50.83,0.77,60,-55.21,0.645,64,1,1,-0.51,3.35,5.49,8.6,-0.06,9,7.02,-8.16,offen,0,4
live,QCOM,2026-09-28,2026-09-29,2026,,1,0,QQQ,weekly,-4.9,1.3,111,21.7,-23.09,0,0,82,-23.09,0.563,9.97,17.0,18.0,1,-2.44,0.8,13.65,22.57,6.64,54.72,-1.39,5.11,4.91,bearish,-13.88,0.96,-5.5,0.409,0,-44.82,0.485,82,1,1,-0.51,3.35,5.49,1.1,-1.04,1,0.0,-8.5,stopp,0,4
live,ASML,2026-09-30,2026-10-09,2026,,1,1,QQQ,weekly,-2.6,-3.8,64,21.7,-8.57,0,0,63,-8.57,0.84,7.74,6.32,19.51,1,-2.47,4.42,4.95,8.16,-7.79,46.61,-0.32,2.86,9.02,bearish,-5.61,3.15,-21.22,0.723,62,-23.47,0.635,63,1,1,-1.39,3.06,0.31,-8.08,-0.32,7,2.46,-3.57,offen,0,6
live,KLAC,2026-09-30,2026-10-09,2026,,1,1,QQQ,weekly,-0.2,4.5,90,21.7,-36.16,0,0,63,-36.16,0.47,8.81,4.2,11.17,1,-11.18,3.74,4.36,12.01,-34.79,42.49,-0.26,3.77,8.37,bearish,-11.04,2.22,-42.9,0.242,62,-45.97,0.213,63,1,1,-1.39,3.06,0.31,-34.99,-0.03,7,6.46,-2.51,offen,0,6
live,COHR,2026-10-02,2026-10-09,2026,,1,1,SPX,4h,-1.2,nan,nan,4.0,-28.05,0,0,83,-28.05,0.632,7.46,6.75,9.83,1,-5.01,4.77,9.83,18.82,-4.25,28.81,-0.82,6.48,13.29,bearish,-14.95,2.05,-34.78,0.45,38,-49.85,0.437,83,1,1,-0.84,4.73,4.24,-8.14,-0.11,5,7.96,-5.59,offen,0,8
live,LITE,2026-10-02,2026-10-09,2026,,1,1,QQQ,daily,4.8,1.5,35,11.2,-2.99,0,1,98,-2.99,0.965,13.28,20.51,42.01,1,7.12,9.24,12.57,20.12,43.59,36.77,0.72,6.21,20.73,bullish,2.71,3.34,-10.39,0.779,0,-45.21,0.934,98,1,1,-0.84,4.73,4.24,37.75,0.28,5,8.52,-2.49,offen,1,8
